model,fold,feature,importance
Logistic_regression,0,above_7_close_sma_ind,-0.08341948195575168
Logistic_regression,0,above_14_close_sma_ind,-0.08000781055867316
Logistic_regression,0,above_21_close_sma_ind,0.04225515826872381
Logistic_regression,0,cum_days_above_above_7_close_sma_ind,-0.010926253609479943
Logistic_regression,0,cum_days_above_above_14_close_sma_ind,0.023698297919042724
Logistic_regression,0,cum_days_above_above_21_close_sma_ind,-0.017182732994637424
Logistic_regression,0,14_close_sma_std,-0.3414230188801325
Logistic_regression,0,14_close_sma_pct_diff_std,-0.5423258978325436
Logistic_regression,0,14_close_std_std,-0.11176201573639863
Logistic_regression,0,21_close_sma_std,0.3206121881760221
Logistic_regression,0,21_close_sma_pct_diff_std,0.19339543658067962
Logistic_regression,0,21_close_std_std,-0.4290142667465179
Logistic_regression,0,7_close_sma_std,-0.3949568813251917
Logistic_regression,0,7_close_sma_pct_diff_std,0.002803674158193138
Logistic_regression,0,7_close_std_std,-0.0743499321801898
Logistic_regression,0,bol_pct_from_bottom_std,-0.09518289916979679
Logistic_regression,0,bol_pct_from_top_std,-0.2214892634189596
Logistic_regression,0,bol_range_std,-0.42901426674658566
Logistic_regression,0,bol_range_pct_std,0.3783437331355408
Logistic_regression,0,lower_bollinger_band_std,-1.9313620669997267
Logistic_regression,0,upper_bollinger_band_std,2.2332422239264558
Logistic_regression,0,ind_AAPL,0.3970715379732084
Logistic_regression,0,ind_XLE,-0.3158578866517641
Logistic_regression,0,ind_XLF,-3.455514694204178e-05
Logistic_regression,1,above_7_close_sma_ind,0.06367194066429005
Logistic_regression,1,above_14_close_sma_ind,-0.16100105238160703
Logistic_regression,1,above_21_close_sma_ind,0.07927132317497293
Logistic_regression,1,cum_days_above_above_7_close_sma_ind,-0.007046658317381598
Logistic_regression,1,cum_days_above_above_14_close_sma_ind,0.02777980843882737
Logistic_regression,1,cum_days_above_above_21_close_sma_ind,-0.018887858405381146
Logistic_regression,1,14_close_sma_std,-0.25986851193398164
Logistic_regression,1,14_close_sma_pct_diff_std,-0.4402070982022227
Logistic_regression,1,14_close_std_std,-0.10669307654339294
Logistic_regression,1,21_close_sma_std,0.268409744012739
Logistic_regression,1,21_close_sma_pct_diff_std,-0.04625307092824556
Logistic_regression,1,21_close_std_std,-0.28664406318006685
Logistic_regression,1,7_close_sma_std,-0.46793810333867764
Logistic_regression,1,7_close_sma_pct_diff_std,0.10193109818669709
Logistic_regression,1,7_close_std_std,-0.11258478249942352
Logistic_regression,1,bol_pct_from_bottom_std,-0.2224431405219442
Logistic_regression,1,bol_pct_from_top_std,-0.1561506154069412
Logistic_regression,1,bol_range_std,-0.2866440631800943
Logistic_regression,1,bol_range_pct_std,0.36532399215398415
Logistic_regression,1,lower_bollinger_band_std,-1.4721768267820123
Logistic_regression,1,upper_bollinger_band_std,1.7459953179120202
Logistic_regression,1,ind_AAPL,0.3583880287124642
Logistic_regression,1,ind_XLE,-0.3076909543001446
Logistic_regression,1,ind_XLF,0.05918726084047161
Logistic_regression,2,above_7_close_sma_ind,-0.07956883430288529
Logistic_regression,2,above_14_close_sma_ind,0.14130696674074075
Logistic_regression,2,above_21_close_sma_ind,-0.14828590833273303
Logistic_regression,2,cum_days_above_above_7_close_sma_ind,-0.01497085761121211
Logistic_regression,2,cum_days_above_above_14_close_sma_ind,0.02599194534494425
Logistic_regression,2,cum_days_above_above_21_close_sma_ind,-0.023854589743472855
Logistic_regression,2,14_close_sma_std,-0.3648195225829264
Logistic_regression,2,14_close_sma_pct_diff_std,-0.2335936427507863
Logistic_regression,2,14_close_std_std,-0.15804808401907444
Logistic_regression,2,21_close_sma_std,0.2783006483383334
Logistic_regression,2,21_close_sma_pct_diff_std,0.1794574122507541
Logistic_regression,2,21_close_std_std,-0.3201698700530392
Logistic_regression,2,7_close_sma_std,-0.40612593068205216
Logistic_regression,2,7_close_sma_pct_diff_std,0.015821126109646862
Logistic_regression,2,7_close_std_std,-0.07014892180826461
Logistic_regression,2,bol_pct_from_bottom_std,0.07111580595729915
Logistic_regression,2,bol_pct_from_top_std,0.08216221216093568
Logistic_regression,2,bol_range_std,-0.32016987005304454
Logistic_regression,2,bol_range_pct_std,0.2748838944501138
Logistic_regression,2,lower_bollinger_band_std,-1.7364649780936992
Logistic_regression,2,upper_bollinger_band_std,2.06620301567306
Logistic_regression,2,ind_AAPL,0.3957914726415703
Logistic_regression,2,ind_XLE,-0.2938386776511609
Logistic_regression,2,ind_XLF,0.05010959114852016
Logistic_regression,3,above_7_close_sma_ind,0.17290695515188095
Logistic_regression,3,above_14_close_sma_ind,-0.17850977093275097
Logistic_regression,3,above_21_close_sma_ind,-0.04978696121477835
Logistic_regression,3,cum_days_above_above_7_close_sma_ind,-0.034812855511383876
Logistic_regression,3,cum_days_above_above_14_close_sma_ind,0.03574238341941664
Logistic_regression,3,cum_days_above_above_21_close_sma_ind,-0.01709723852730802
Logistic_regression,3,14_close_sma_std,-0.22076606226781084
Logistic_regression,3,14_close_sma_pct_diff_std,-0.6131197433562213
Logistic_regression,3,14_close_std_std,-0.12213171459150432
Logistic_regression,3,21_close_sma_std,0.1843778136688651
Logistic_regression,3,21_close_sma_pct_diff_std,0.31980729668035224
Logistic_regression,3,21_close_std_std,-0.30274122798141784
Logistic_regression,3,7_close_sma_std,-0.2559365666070449
Logistic_regression,3,7_close_sma_pct_diff_std,0.12377834756358164
Logistic_regression,3,7_close_std_std,-0.08433225721210955
Logistic_regression,3,bol_pct_from_bottom_std,-0.273005600440578
Logistic_regression,3,bol_pct_from_top_std,0.20535923779924672
Logistic_regression,3,bol_range_std,-0.3027412279814235
Logistic_regression,3,bol_range_pct_std,0.5488216796999229
Logistic_regression,3,lower_bollinger_band_std,-1.724252471721429
Logistic_regression,3,upper_bollinger_band_std,1.8151414830799335
Logistic_regression,3,ind_AAPL,0.45576180131914856
Logistic_regression,3,ind_XLE,-0.24079863350833833
Logistic_regression,3,ind_XLF,-0.030785536245745197
Logistic_regression,4,above_7_close_sma_ind,0.12331031756157304
Logistic_regression,4,above_14_close_sma_ind,-0.07145258834738608
Logistic_regression,4,above_21_close_sma_ind,-0.18607403075137666
Logistic_regression,4,cum_days_above_above_7_close_sma_ind,-0.023669345844476
Logistic_regression,4,cum_days_above_above_14_close_sma_ind,0.030505642814746686
Logistic_regression,4,cum_days_above_above_21_close_sma_ind,-0.02304158185160582
Logistic_regression,4,14_close_sma_std,-0.3450913001417134
Logistic_regression,4,14_close_sma_pct_diff_std,-0.4988506951265673
Logistic_regression,4,14_close_std_std,-0.038896993356572034
Logistic_regression,4,21_close_sma_std,0.20785700769016352
Logistic_regression,4,21_close_sma_pct_diff_std,0.23293915633574722
Logistic_regression,4,21_close_std_std,-0.37506854999435496
Logistic_regression,4,7_close_sma_std,-0.03934830424714638
Logistic_regression,4,7_close_sma_pct_diff_std,0.07694086779358847
Logistic_regression,4,7_close_std_std,-0.060427025009949814
Logistic_regression,4,bol_pct_from_bottom_std,-0.24501517756001537
Logistic_regression,4,bol_pct_from_top_std,0.22382334466199513
Logistic_regression,4,bol_range_std,-0.37506854999437367
Logistic_regression,4,bol_range_pct_std,0.5077476363371425
Logistic_regression,4,lower_bollinger_band_std,-2.220488647311639
Logistic_regression,4,upper_bollinger_band_std,2.2138701602464264
Logistic_regression,4,ind_AAPL,0.4024776839157865
Logistic_regression,4,ind_XLE,-0.3342461351050848
Logistic_regression,4,ind_XLF,0.044005899316380714
Random_forest,0,above_7_close_sma_ind,0.0019316533802054368
Random_forest,0,above_14_close_sma_ind,0.002888534262994492
Random_forest,0,above_21_close_sma_ind,0.002837278890791889
Random_forest,0,cum_days_above_above_7_close_sma_ind,0.010035286131956955
Random_forest,0,cum_days_above_above_14_close_sma_ind,0.024402683835622593
Random_forest,0,cum_days_above_above_21_close_sma_ind,0.02973165960744934
Random_forest,0,14_close_sma_std,0.07590260662627356
Random_forest,0,14_close_sma_pct_diff_std,0.03013615164659528
Random_forest,0,14_close_std_std,0.05405784234539401
Random_forest,0,21_close_sma_std,0.08167350509527216
Random_forest,0,21_close_sma_pct_diff_std,0.03518988791618957
Random_forest,0,21_close_std_std,0.057521281725352945
Random_forest,0,7_close_sma_std,0.07542782623947124
Random_forest,0,7_close_sma_pct_diff_std,0.026878441069705543
Random_forest,0,7_close_std_std,0.0521648390933719
Random_forest,0,bol_pct_from_bottom_std,0.04392557647427875
Random_forest,0,bol_pct_from_top_std,0.04248773959852959
Random_forest,0,bol_range_std,0.05373354727293391
Random_forest,0,bol_range_pct_std,0.05569001267997677
Random_forest,0,lower_bollinger_band_std,0.08135893117624389
Random_forest,0,upper_bollinger_band_std,0.10810885692125448
Random_forest,0,ind_AAPL,0.017566351534409653
Random_forest,0,ind_XLE,0.02793872445243075
Random_forest,0,ind_XLF,0.008410782023295253
Random_forest,1,above_7_close_sma_ind,0.001993971707143862
Random_forest,1,above_14_close_sma_ind,0.0020323920863683327
Random_forest,1,above_21_close_sma_ind,0.0032981444207064777
Random_forest,1,cum_days_above_above_7_close_sma_ind,0.01143869345848779
Random_forest,1,cum_days_above_above_14_close_sma_ind,0.02285557722895653
Random_forest,1,cum_days_above_above_21_close_sma_ind,0.027028701088944056
Random_forest,1,14_close_sma_std,0.07278533962700005
Random_forest,1,14_close_sma_pct_diff_std,0.03245799965137973
Random_forest,1,14_close_std_std,0.05107147942321524
Random_forest,1,21_close_sma_std,0.07412757654014546
Random_forest,1,21_close_sma_pct_diff_std,0.038665419861438996
Random_forest,1,21_close_std_std,0.04976287977466312
Random_forest,1,7_close_sma_std,0.0872884730403048
Random_forest,1,7_close_sma_pct_diff_std,0.028118390685558506
Random_forest,1,7_close_std_std,0.06307942768458132
Random_forest,1,bol_pct_from_bottom_std,0.0463380683485667
Random_forest,1,bol_pct_from_top_std,0.04256504879940832
Random_forest,1,bol_range_std,0.05814776041010783
Random_forest,1,bol_range_pct_std,0.05403162949311139
Random_forest,1,lower_bollinger_band_std,0.0774335372439319
Random_forest,1,upper_bollinger_band_std,0.10889546383190711
Random_forest,1,ind_AAPL,0.013116068054897968
Random_forest,1,ind_XLE,0.02557512049822557
Random_forest,1,ind_XLF,0.007892837040949023
Random_forest,2,above_7_close_sma_ind,0.002529228629253335
Random_forest,2,above_14_close_sma_ind,0.002543356194160724
Random_forest,2,above_21_close_sma_ind,0.0038021292806104732
Random_forest,2,cum_days_above_above_7_close_sma_ind,0.011377920221583066
Random_forest,2,cum_days_above_above_14_close_sma_ind,0.019579448270348413
Random_forest,2,cum_days_above_above_21_close_sma_ind,0.03229773695092898
Random_forest,2,14_close_sma_std,0.07124172427331411
Random_forest,2,14_close_sma_pct_diff_std,0.028693427174544924
Random_forest,2,14_close_std_std,0.049188424149500996
Random_forest,2,21_close_sma_std,0.07534669528403339
Random_forest,2,21_close_sma_pct_diff_std,0.04101458318444154
Random_forest,2,21_close_std_std,0.056627149783749935
Random_forest,2,7_close_sma_std,0.07840739965269614
Random_forest,2,7_close_sma_pct_diff_std,0.029043369882011793
Random_forest,2,7_close_std_std,0.04834709079507374
Random_forest,2,bol_pct_from_bottom_std,0.04609070078494546
Random_forest,2,bol_pct_from_top_std,0.04584824847962244
Random_forest,2,bol_range_std,0.054249594750776585
Random_forest,2,bol_range_pct_std,0.05952597745193069
Random_forest,2,lower_bollinger_band_std,0.0834828217883767
Random_forest,2,upper_bollinger_band_std,0.10221440674849129
Random_forest,2,ind_AAPL,0.017567717997987484
Random_forest,2,ind_XLE,0.029749332042998705
Random_forest,2,ind_XLF,0.011231516228619131
Random_forest,3,above_7_close_sma_ind,0.0022423081349792883
Random_forest,3,above_14_close_sma_ind,0.001504379344386373
Random_forest,3,above_21_close_sma_ind,0.0020486184488993473
Random_forest,3,cum_days_above_above_7_close_sma_ind,0.011067547520138495
Random_forest,3,cum_days_above_above_14_close_sma_ind,0.021814979061619014
Random_forest,3,cum_days_above_above_21_close_sma_ind,0.031147769407887556
Random_forest,3,14_close_sma_std,0.07640252050078951
Random_forest,3,14_close_sma_pct_diff_std,0.030954617400788233
Random_forest,3,14_close_std_std,0.05894308473337475
Random_forest,3,21_close_sma_std,0.08044629704679736
Random_forest,3,21_close_sma_pct_diff_std,0.036866153021349324
Random_forest,3,21_close_std_std,0.05622588358903805
Random_forest,3,7_close_sma_std,0.08031773998513356
Random_forest,3,7_close_sma_pct_diff_std,0.02682868641751686
Random_forest,3,7_close_std_std,0.05392353280678529
Random_forest,3,bol_pct_from_bottom_std,0.047325248696060356
Random_forest,3,bol_pct_from_top_std,0.0407321496389617
Random_forest,3,bol_range_std,0.05235094373834252
Random_forest,3,bol_range_pct_std,0.0542976071708299
Random_forest,3,lower_bollinger_band_std,0.08225174325859373
Random_forest,3,upper_bollinger_band_std,0.0976778441026928
Random_forest,3,ind_AAPL,0.016518610282967704
Random_forest,3,ind_XLE,0.030147185543005967
Random_forest,3,ind_XLF,0.007964550149062347
Random_forest,4,above_7_close_sma_ind,0.001840634544931684
Random_forest,4,above_14_close_sma_ind,0.0017007421973134283
Random_forest,4,above_21_close_sma_ind,0.003386296221525027
Random_forest,4,cum_days_above_above_7_close_sma_ind,0.010292918384608846
Random_forest,4,cum_days_above_above_14_close_sma_ind,0.021284879076875964
Random_forest,4,cum_days_above_above_21_close_sma_ind,0.03841608435213662
Random_forest,4,14_close_sma_std,0.07651359599493004
Random_forest,4,14_close_sma_pct_diff_std,0.029596861202076344
Random_forest,4,14_close_std_std,0.050579550422160245
Random_forest,4,21_close_sma_std,0.08044575078279985
Random_forest,4,21_close_sma_pct_diff_std,0.0352770743509672
Random_forest,4,21_close_std_std,0.052535540943779095
Random_forest,4,7_close_sma_std,0.07901952236526032
Random_forest,4,7_close_sma_pct_diff_std,0.024845872308348182
Random_forest,4,7_close_std_std,0.05179486684040163
Random_forest,4,bol_pct_from_bottom_std,0.046477577681654704
Random_forest,4,bol_pct_from_top_std,0.04070711729913391
Random_forest,4,bol_range_std,0.055054006868616924
Random_forest,4,bol_range_pct_std,0.05624715727790115
Random_forest,4,lower_bollinger_band_std,0.07908283301860113
Random_forest,4,upper_bollinger_band_std,0.11183757300333033
Random_forest,4,ind_AAPL,0.014913961055128733
Random_forest,4,ind_XLE,0.02947755013837751
Random_forest,4,ind_XLF,0.008672033669141122
XGBoost,0,above_7_close_sma_ind,0.023824620991945267
XGBoost,0,above_14_close_sma_ind,0.008654898963868618
XGBoost,0,above_21_close_sma_ind,0.010168681852519512
XGBoost,0,cum_days_above_above_7_close_sma_ind,0.020360661670565605
XGBoost,0,cum_days_above_above_14_close_sma_ind,0.03983597457408905
XGBoost,0,cum_days_above_above_21_close_sma_ind,0.051936205476522446
XGBoost,0,14_close_sma_std,0.05007893964648247
XGBoost,0,14_close_sma_pct_diff_std,0.02888299897313118
XGBoost,0,14_close_std_std,0.03655886650085449
XGBoost,0,21_close_sma_std,0.05467841774225235
XGBoost,0,21_close_sma_pct_diff_std,0.03952489420771599
XGBoost,0,21_close_std_std,0.04281625151634216
XGBoost,0,7_close_sma_std,0.06975843012332916
XGBoost,0,7_close_sma_pct_diff_std,0.02488638646900654
XGBoost,0,7_close_std_std,0.04458636790513992
XGBoost,0,bol_pct_from_bottom_std,0.04494267702102661
XGBoost,0,bol_pct_from_top_std,0.04615633562207222
XGBoost,0,bol_range_std,0.0
XGBoost,0,bol_range_pct_std,0.05093633756041527
XGBoost,0,lower_bollinger_band_std,0.04358648508787155
XGBoost,0,upper_bollinger_band_std,0.08687271922826767
XGBoost,0,ind_AAPL,0.05707238242030144
XGBoost,0,ind_XLE,0.08778085559606552
XGBoost,0,ind_XLF,0.036099594086408615
XGBoost,1,above_7_close_sma_ind,0.004160100128501654
XGBoost,1,above_14_close_sma_ind,0.0
XGBoost,1,above_21_close_sma_ind,0.02607080340385437
XGBoost,1,cum_days_above_above_7_close_sma_ind,0.03758484125137329
XGBoost,1,cum_days_above_above_14_close_sma_ind,0.039682891219854355
XGBoost,1,cum_days_above_above_21_close_sma_ind,0.04254142567515373
XGBoost,1,14_close_sma_std,0.04509236291050911
XGBoost,1,14_close_sma_pct_diff_std,0.035319481045007706
XGBoost,1,14_close_std_std,0.044552113860845566
XGBoost,1,21_close_sma_std,0.07368407398462296
XGBoost,1,21_close_sma_pct_diff_std,0.03962988033890724
XGBoost,1,21_close_std_std,0.05042419210076332
XGBoost,1,7_close_sma_std,0.06241178512573242
XGBoost,1,7_close_sma_pct_diff_std,0.026993248611688614
XGBoost,1,7_close_std_std,0.04568692296743393
XGBoost,1,bol_pct_from_bottom_std,0.04281638562679291
XGBoost,1,bol_pct_from_top_std,0.032597627490758896
XGBoost,1,bol_range_std,0.0
XGBoost,1,bol_range_pct_std,0.04552031308412552
XGBoost,1,lower_bollinger_band_std,0.050270382314920425
XGBoost,1,upper_bollinger_band_std,0.08792225271463394
XGBoost,1,ind_AAPL,0.06079103425145149
XGBoost,1,ind_XLE,0.06711156666278839
XGBoost,1,ind_XLF,0.039136335253715515
XGBoost,2,above_7_close_sma_ind,0.0
XGBoost,2,above_14_close_sma_ind,0.020139504224061966
XGBoost,2,above_21_close_sma_ind,0.04867961257696152
XGBoost,2,cum_days_above_above_7_close_sma_ind,0.036543723195791245
XGBoost,2,cum_days_above_above_14_close_sma_ind,0.033550579100847244
XGBoost,2,cum_days_above_above_21_close_sma_ind,0.06394457817077637
XGBoost,2,14_close_sma_std,0.053356271237134933
XGBoost,2,14_close_sma_pct_diff_std,0.03142334148287773
XGBoost,2,14_close_std_std,0.03633326292037964
XGBoost,2,21_close_sma_std,0.04079814627766609
XGBoost,2,21_close_sma_pct_diff_std,0.02837827242910862
XGBoost,2,21_close_std_std,0.033117808401584625
XGBoost,2,7_close_sma_std,0.06104189530014992
XGBoost,2,7_close_sma_pct_diff_std,0.02732180431485176
XGBoost,2,7_close_std_std,0.03848353028297424
XGBoost,2,bol_pct_from_bottom_std,0.03844868764281273
XGBoost,2,bol_pct_from_top_std,0.04005062207579613
XGBoost,2,bol_range_std,0.0
XGBoost,2,bol_range_pct_std,0.041315849870443344
XGBoost,2,lower_bollinger_band_std,0.05007899925112724
XGBoost,2,upper_bollinger_band_std,0.06764432787895203
XGBoost,2,ind_AAPL,0.08664095401763916
XGBoost,2,ind_XLE,0.08753808587789536
XGBoost,2,ind_XLF,0.03517012670636177
XGBoost,3,above_7_close_sma_ind,0.011372139677405357
XGBoost,3,above_14_close_sma_ind,0.004422938451170921
XGBoost,3,above_21_close_sma_ind,0.0
XGBoost,3,cum_days_above_above_7_close_sma_ind,0.03622948378324509
XGBoost,3,cum_days_above_above_14_close_sma_ind,0.03885124623775482
XGBoost,3,cum_days_above_above_21_close_sma_ind,0.05185018107295036
XGBoost,3,14_close_sma_std,0.06985516101121902
XGBoost,3,14_close_sma_pct_diff_std,0.03138326480984688
XGBoost,3,14_close_std_std,0.041785769164562225
XGBoost,3,21_close_sma_std,0.03990282863378525
XGBoost,3,21_close_sma_pct_diff_std,0.030484069138765335
XGBoost,3,21_close_std_std,0.05673579126596451
XGBoost,3,7_close_sma_std,0.05447015538811684
XGBoost,3,7_close_sma_pct_diff_std,0.02693430706858635
XGBoost,3,7_close_std_std,0.04129127040505409
XGBoost,3,bol_pct_from_bottom_std,0.044267695397138596
XGBoost,3,bol_pct_from_top_std,0.030634477734565735
XGBoost,3,bol_range_std,0.0
XGBoost,3,bol_range_pct_std,0.030745916068553925
XGBoost,3,lower_bollinger_band_std,0.056883957237005234
XGBoost,3,upper_bollinger_band_std,0.07094328850507736
XGBoost,3,ind_AAPL,0.11739519983530045
XGBoost,3,ind_XLE,0.08656129986047745
XGBoost,3,ind_XLF,0.02699953317642212
XGBoost,4,above_7_close_sma_ind,0.0
XGBoost,4,above_14_close_sma_ind,0.02257062867283821
XGBoost,4,above_21_close_sma_ind,0.009953973814845085
XGBoost,4,cum_days_above_above_7_close_sma_ind,0.027164192870259285
XGBoost,4,cum_days_above_above_14_close_sma_ind,0.043735090643167496
XGBoost,4,cum_days_above_above_21_close_sma_ind,0.041215699166059494
XGBoost,4,14_close_sma_std,0.05404664948582649
XGBoost,4,14_close_sma_pct_diff_std,0.030053934082388878
XGBoost,4,14_close_std_std,0.03858720511198044
XGBoost,4,21_close_sma_std,0.041121650487184525
XGBoost,4,21_close_sma_pct_diff_std,0.02875600755214691
XGBoost,4,21_close_std_std,0.05055424943566322
XGBoost,4,7_close_sma_std,0.06556364893913269
XGBoost,4,7_close_sma_pct_diff_std,0.021934160962700844
XGBoost,4,7_close_std_std,0.03666091337800026
XGBoost,4,bol_pct_from_bottom_std,0.0411769300699234
XGBoost,4,bol_pct_from_top_std,0.031069323420524597
XGBoost,4,bol_range_std,0.0
XGBoost,4,bol_range_pct_std,0.04917135462164879
XGBoost,4,lower_bollinger_band_std,0.05107947811484337
XGBoost,4,upper_bollinger_band_std,0.08363661915063858
XGBoost,4,ind_AAPL,0.08258385211229324
XGBoost,4,ind_XLE,0.07282225042581558
XGBoost,4,ind_XLF,0.07654214650392532
Gradient_boosting,0,above_7_close_sma_ind,0.0
Gradient_boosting,0,above_14_close_sma_ind,5.405078930304482e-06
Gradient_boosting,0,above_21_close_sma_ind,0.0
Gradient_boosting,0,cum_days_above_above_7_close_sma_ind,0.0046858804284464406
Gradient_boosting,0,cum_days_above_above_14_close_sma_ind,0.016278954491577707
Gradient_boosting,0,cum_days_above_above_21_close_sma_ind,0.02371215898541319
Gradient_boosting,0,14_close_sma_std,0.0635552043716102
Gradient_boosting,0,14_close_sma_pct_diff_std,0.02119766846453547
Gradient_boosting,0,14_close_std_std,0.059858115955789624
Gradient_boosting,0,21_close_sma_std,0.036420462748092804
Gradient_boosting,0,21_close_sma_pct_diff_std,0.03204307842952958
Gradient_boosting,0,21_close_std_std,0.032951571478957706
Gradient_boosting,0,7_close_sma_std,0.08794382694396315
Gradient_boosting,0,7_close_sma_pct_diff_std,0.016987135093930676
Gradient_boosting,0,7_close_std_std,0.05823919617005181
Gradient_boosting,0,bol_pct_from_bottom_std,0.03515794912217695
Gradient_boosting,0,bol_pct_from_top_std,0.04784967911445639
Gradient_boosting,0,bol_range_std,0.05220361954738263
Gradient_boosting,0,bol_range_pct_std,0.07110466558849356
Gradient_boosting,0,lower_bollinger_band_std,0.08891065559775592
Gradient_boosting,0,upper_bollinger_band_std,0.1868261102375514
Gradient_boosting,0,ind_AAPL,0.024741524036636178
Gradient_boosting,0,ind_XLE,0.03736700853688427
Gradient_boosting,0,ind_XLF,0.001960129577834007
Gradient_boosting,1,above_7_close_sma_ind,0.0
Gradient_boosting,1,above_14_close_sma_ind,0.0
Gradient_boosting,1,above_21_close_sma_ind,0.0
Gradient_boosting,1,cum_days_above_above_7_close_sma_ind,0.009616261467955281
Gradient_boosting,1,cum_days_above_above_14_close_sma_ind,0.018099600189129594
Gradient_boosting,1,cum_days_above_above_21_close_sma_ind,0.03344812974002236
Gradient_boosting,1,14_close_sma_std,0.04563117511438845
Gradient_boosting,1,14_close_sma_pct_diff_std,0.024257101618680426
Gradient_boosting,1,14_close_std_std,0.04041962641282737
Gradient_boosting,1,21_close_sma_std,0.057067237011112305
Gradient_boosting,1,21_close_sma_pct_diff_std,0.01705831997248692
Gradient_boosting,1,21_close_std_std,0.04057950281496401
Gradient_boosting,1,7_close_sma_std,0.09831777666923207
Gradient_boosting,1,7_close_sma_pct_diff_std,0.025963224534863397
Gradient_boosting,1,7_close_std_std,0.08372645544746266
Gradient_boosting,1,bol_pct_from_bottom_std,0.060888830365314804
Gradient_boosting,1,bol_pct_from_top_std,0.032908347441708105
Gradient_boosting,1,bol_range_std,0.043684526923781976
Gradient_boosting,1,bol_range_pct_std,0.06222819350964334
Gradient_boosting,1,lower_bollinger_band_std,0.07059463346898637
Gradient_boosting,1,upper_bollinger_band_std,0.1958312116035355
Gradient_boosting,1,ind_AAPL,0.00760173548648291
Gradient_boosting,1,ind_XLE,0.03191578626003551
Gradient_boosting,1,ind_XLF,0.00016232394738648485
Gradient_boosting,2,above_7_close_sma_ind,5.4953979382799165e-05
Gradient_boosting,2,above_14_close_sma_ind,0.005447378513627105
Gradient_boosting,2,above_21_close_sma_ind,0.0
Gradient_boosting,2,cum_days_above_above_7_close_sma_ind,0.014722483962687011
Gradient_boosting,2,cum_days_above_above_14_close_sma_ind,0.008268729018336586
Gradient_boosting,2,cum_days_above_above_21_close_sma_ind,0.03161337924461817
Gradient_boosting,2,14_close_sma_std,0.04915049442622483
Gradient_boosting,2,14_close_sma_pct_diff_std,0.011634459674444125
Gradient_boosting,2,14_close_std_std,0.043241329244482866
Gradient_boosting,2,21_close_sma_std,0.059650649293361
Gradient_boosting,2,21_close_sma_pct_diff_std,0.029256634923473822
Gradient_boosting,2,21_close_std_std,0.024199321194351843
Gradient_boosting,2,7_close_sma_std,0.07739458284361787
Gradient_boosting,2,7_close_sma_pct_diff_std,0.03402519289661491
Gradient_boosting,2,7_close_std_std,0.058705097630371884
Gradient_boosting,2,bol_pct_from_bottom_std,0.0700451515368096
Gradient_boosting,2,bol_pct_from_top_std,0.030590212533734097
Gradient_boosting,2,bol_range_std,0.042831573756502386
Gradient_boosting,2,bol_range_pct_std,0.05152106129594805
Gradient_boosting,2,lower_bollinger_band_std,0.09315866230197625
Gradient_boosting,2,upper_bollinger_band_std,0.17505530326924418
Gradient_boosting,2,ind_AAPL,0.039602990995617635
Gradient_boosting,2,ind_XLE,0.04066284683621977
Gradient_boosting,2,ind_XLF,0.009167510628353161
Gradient_boosting,3,above_7_close_sma_ind,0.0
Gradient_boosting,3,above_14_close_sma_ind,0.0
Gradient_boosting,3,above_21_close_sma_ind,0.0
Gradient_boosting,3,cum_days_above_above_7_close_sma_ind,0.00827298524663712
Gradient_boosting,3,cum_days_above_above_14_close_sma_ind,0.010930132354633863
Gradient_boosting,3,cum_days_above_above_21_close_sma_ind,0.018113405877074634
Gradient_boosting,3,14_close_sma_std,0.0505072330751526
Gradient_boosting,3,14_close_sma_pct_diff_std,0.016874285763742742
Gradient_boosting,3,14_close_std_std,0.06194692903172856
Gradient_boosting,3,21_close_sma_std,0.03637101622137053
Gradient_boosting,3,21_close_sma_pct_diff_std,0.02920953915924633
Gradient_boosting,3,21_close_std_std,0.03769367844011378
Gradient_boosting,3,7_close_sma_std,0.08858293691891754
Gradient_boosting,3,7_close_sma_pct_diff_std,0.0330337788322975
Gradient_boosting,3,7_close_std_std,0.07259125778498168
Gradient_boosting,3,bol_pct_from_bottom_std,0.06265137820205767
Gradient_boosting,3,bol_pct_from_top_std,0.015617644695767537
Gradient_boosting,3,bol_range_std,0.03817354675836106
Gradient_boosting,3,bol_range_pct_std,0.06803443469898596
Gradient_boosting,3,lower_bollinger_band_std,0.08490896344585745
Gradient_boosting,3,upper_bollinger_band_std,0.19611029372517952
Gradient_boosting,3,ind_AAPL,0.02719644749501359
Gradient_boosting,3,ind_XLE,0.041643167889414
Gradient_boosting,3,ind_XLF,0.0015369443834663296
Gradient_boosting,4,above_7_close_sma_ind,0.0
Gradient_boosting,4,above_14_close_sma_ind,0.0
Gradient_boosting,4,above_21_close_sma_ind,0.0
Gradient_boosting,4,cum_days_above_above_7_close_sma_ind,0.010629325443015234
Gradient_boosting,4,cum_days_above_above_14_close_sma_ind,0.010330259542504114
Gradient_boosting,4,cum_days_above_above_21_close_sma_ind,0.04971264948747233
Gradient_boosting,4,14_close_sma_std,0.03596184406877112
Gradient_boosting,4,14_close_sma_pct_diff_std,0.010560371878648871
Gradient_boosting,4,14_close_std_std,0.056698245648948646
Gradient_boosting,4,21_close_sma_std,0.039696113261513816
Gradient_boosting,4,21_close_sma_pct_diff_std,0.025268035198387228
Gradient_boosting,4,21_close_std_std,0.04233682931638258
Gradient_boosting,4,7_close_sma_std,0.10305809484362778
Gradient_boosting,4,7_close_sma_pct_diff_std,0.02245816774057709
Gradient_boosting,4,7_close_std_std,0.05914992479532883
Gradient_boosting,4,bol_pct_from_bottom_std,0.04970407495678081
Gradient_boosting,4,bol_pct_from_top_std,0.014598719813725776
Gradient_boosting,4,bol_range_std,0.057007580832071664
Gradient_boosting,4,bol_range_pct_std,0.07296878469511425
Gradient_boosting,4,lower_bollinger_band_std,0.05071484096803746
Gradient_boosting,4,upper_bollinger_band_std,0.22947052412709779
Gradient_boosting,4,ind_AAPL,0.03256329427989128
Gradient_boosting,4,ind_XLE,0.026978067577168644
Gradient_boosting,4,ind_XLF,0.00013425152493468293
Balanced_random_forest,0,above_7_close_sma_ind,0.0027916485400204688
Balanced_random_forest,0,above_14_close_sma_ind,0.00301119748927649
Balanced_random_forest,0,above_21_close_sma_ind,0.0030489358122938234
Balanced_random_forest,0,cum_days_above_above_7_close_sma_ind,0.017497792310889673
Balanced_random_forest,0,cum_days_above_above_14_close_sma_ind,0.02778627472476503
Balanced_random_forest,0,cum_days_above_above_21_close_sma_ind,0.03224278407947939
Balanced_random_forest,0,14_close_sma_std,0.07240255209976988
Balanced_random_forest,0,14_close_sma_pct_diff_std,0.04202872255168378
Balanced_random_forest,0,14_close_std_std,0.05478897491452875
Balanced_random_forest,0,21_close_sma_std,0.07207585889652364
Balanced_random_forest,0,21_close_sma_pct_diff_std,0.04436954829913822
Balanced_random_forest,0,21_close_std_std,0.052257357563091675
Balanced_random_forest,0,7_close_sma_std,0.0702122396139354
Balanced_random_forest,0,7_close_sma_pct_diff_std,0.039009900290379054
Balanced_random_forest,0,7_close_std_std,0.05350222339882142
Balanced_random_forest,0,bol_pct_from_bottom_std,0.049205377672463115
Balanced_random_forest,0,bol_pct_from_top_std,0.04653819590794739
Balanced_random_forest,0,bol_range_std,0.056229739744649836
Balanced_random_forest,0,bol_range_pct_std,0.05819147592505005
Balanced_random_forest,0,lower_bollinger_band_std,0.07134480476216208
Balanced_random_forest,0,upper_bollinger_band_std,0.08685315624647438
Balanced_random_forest,0,ind_AAPL,0.014591907029337768
Balanced_random_forest,0,ind_XLE,0.019747790761148597
Balanced_random_forest,0,ind_XLF,0.010271541366170107
Balanced_random_forest,1,above_7_close_sma_ind,0.003171452028575486
Balanced_random_forest,1,above_14_close_sma_ind,0.0028694826546189277
Balanced_random_forest,1,above_21_close_sma_ind,0.003647485319778382
Balanced_random_forest,1,cum_days_above_above_7_close_sma_ind,0.018074404951932223
Balanced_random_forest,1,cum_days_above_above_14_close_sma_ind,0.024753851511458293
Balanced_random_forest,1,cum_days_above_above_21_close_sma_ind,0.030663842137156956
Balanced_random_forest,1,14_close_sma_std,0.07183224218613068
Balanced_random_forest,1,14_close_sma_pct_diff_std,0.039113209075664984
Balanced_random_forest,1,14_close_std_std,0.05746554262136428
Balanced_random_forest,1,21_close_sma_std,0.07503153446625437
Balanced_random_forest,1,21_close_sma_pct_diff_std,0.04554246226245609
Balanced_random_forest,1,21_close_std_std,0.05520007909182685
Balanced_random_forest,1,7_close_sma_std,0.07424607179237436
Balanced_random_forest,1,7_close_sma_pct_diff_std,0.03933797053811259
Balanced_random_forest,1,7_close_std_std,0.06115294035157723
Balanced_random_forest,1,bol_pct_from_bottom_std,0.04813925388416934
Balanced_random_forest,1,bol_pct_from_top_std,0.042342917787188995
Balanced_random_forest,1,bol_range_std,0.052722972386348994
Balanced_random_forest,1,bol_range_pct_std,0.055919472939317
Balanced_random_forest,1,lower_bollinger_band_std,0.06977172527686001
Balanced_random_forest,1,upper_bollinger_band_std,0.08854936840642004
Balanced_random_forest,1,ind_AAPL,0.01136782834819959
Balanced_random_forest,1,ind_XLE,0.019314590947491637
Balanced_random_forest,1,ind_XLF,0.009769299034722767
Balanced_random_forest,2,above_7_close_sma_ind,0.003334616045701027
Balanced_random_forest,2,above_14_close_sma_ind,0.002974489953584573
Balanced_random_forest,2,above_21_close_sma_ind,0.003435729470371342
Balanced_random_forest,2,cum_days_above_above_7_close_sma_ind,0.01942439824920465
Balanced_random_forest,2,cum_days_above_above_14_close_sma_ind,0.02442927863355965
Balanced_random_forest,2,cum_days_above_above_21_close_sma_ind,0.03395257085548543
Balanced_random_forest,2,14_close_sma_std,0.07038685544983476
Balanced_random_forest,2,14_close_sma_pct_diff_std,0.03919901399746034
Balanced_random_forest,2,14_close_std_std,0.056293053063146185
Balanced_random_forest,2,21_close_sma_std,0.07131463245776995
Balanced_random_forest,2,21_close_sma_pct_diff_std,0.048253238096329636
Balanced_random_forest,2,21_close_std_std,0.05595067393444912
Balanced_random_forest,2,7_close_sma_std,0.06907832415367963
Balanced_random_forest,2,7_close_sma_pct_diff_std,0.039750494108571476
Balanced_random_forest,2,7_close_std_std,0.055607781382023484
Balanced_random_forest,2,bol_pct_from_bottom_std,0.05039997647093931
Balanced_random_forest,2,bol_pct_from_top_std,0.048451009042983495
Balanced_random_forest,2,bol_range_std,0.05610992461504312
Balanced_random_forest,2,bol_range_pct_std,0.05908042036104418
Balanced_random_forest,2,lower_bollinger_band_std,0.06928829355485093
Balanced_random_forest,2,upper_bollinger_band_std,0.08069677642600682
Balanced_random_forest,2,ind_AAPL,0.013280107582248932
Balanced_random_forest,2,ind_XLE,0.02091416339281454
Balanced_random_forest,2,ind_XLF,0.008394178702897392
Balanced_random_forest,3,above_7_close_sma_ind,0.0031329219499290325
Balanced_random_forest,3,above_14_close_sma_ind,0.0028300255771187303
Balanced_random_forest,3,above_21_close_sma_ind,0.0028095598271490924
Balanced_random_forest,3,cum_days_above_above_7_close_sma_ind,0.017976534654698176
Balanced_random_forest,3,cum_days_above_above_14_close_sma_ind,0.02483113236512466
Balanced_random_forest,3,cum_days_above_above_21_close_sma_ind,0.03176434547561606
Balanced_random_forest,3,14_close_sma_std,0.06847487655704255
Balanced_random_forest,3,14_close_sma_pct_diff_std,0.04054168797339364
Balanced_random_forest,3,14_close_std_std,0.059587312058344916
Balanced_random_forest,3,21_close_sma_std,0.07279408472358927
Balanced_random_forest,3,21_close_sma_pct_diff_std,0.045018250969849946
Balanced_random_forest,3,21_close_std_std,0.056160027905758796
Balanced_random_forest,3,7_close_sma_std,0.07554799045645412
Balanced_random_forest,3,7_close_sma_pct_diff_std,0.039586761604490414
Balanced_random_forest,3,7_close_std_std,0.05421393109155515
Balanced_random_forest,3,bol_pct_from_bottom_std,0.048930063943603844
Balanced_random_forest,3,bol_pct_from_top_std,0.04694098452642699
Balanced_random_forest,3,bol_range_std,0.05690863653595655
Balanced_random_forest,3,bol_range_pct_std,0.05441957998272545
Balanced_random_forest,3,lower_bollinger_band_std,0.07129271403051501
Balanced_random_forest,3,upper_bollinger_band_std,0.08351094164022572
Balanced_random_forest,3,ind_AAPL,0.01449014849418343
Balanced_random_forest,3,ind_XLE,0.020072873591992963
Balanced_random_forest,3,ind_XLF,0.008164614064255398
Balanced_random_forest,4,above_7_close_sma_ind,0.003135404682592658
Balanced_random_forest,4,above_14_close_sma_ind,0.0025383436695156332
Balanced_random_forest,4,above_21_close_sma_ind,0.0035964128907793997
Balanced_random_forest,4,cum_days_above_above_7_close_sma_ind,0.0179031563762216
Balanced_random_forest,4,cum_days_above_above_14_close_sma_ind,0.02606389026761264
Balanced_random_forest,4,cum_days_above_above_21_close_sma_ind,0.032959186683599026
Balanced_random_forest,4,14_close_sma_std,0.06969338042883962
Balanced_random_forest,4,14_close_sma_pct_diff_std,0.0390515154260023
Balanced_random_forest,4,14_close_std_std,0.05787210498221395
Balanced_random_forest,4,21_close_sma_std,0.07222081627723928
Balanced_random_forest,4,21_close_sma_pct_diff_std,0.0429809072358385
Balanced_random_forest,4,21_close_std_std,0.054639467568711006
Balanced_random_forest,4,7_close_sma_std,0.07485199026302918
Balanced_random_forest,4,7_close_sma_pct_diff_std,0.03724314018003904
Balanced_random_forest,4,7_close_std_std,0.05195783465226758
Balanced_random_forest,4,bol_pct_from_bottom_std,0.04908431536532029
Balanced_random_forest,4,bol_pct_from_top_std,0.043431766868043974
Balanced_random_forest,4,bol_range_std,0.05669283188274885
Balanced_random_forest,4,bol_range_pct_std,0.05652761044004242
Balanced_random_forest,4,lower_bollinger_band_std,0.07463920024102047
Balanced_random_forest,4,upper_bollinger_band_std,0.09054421878378088
Balanced_random_forest,4,ind_AAPL,0.014064796965197017
Balanced_random_forest,4,ind_XLE,0.018766005819097323
Balanced_random_forest,4,ind_XLF,0.009541702050247326
AdaBoost,0,above_7_close_sma_ind,0.0
AdaBoost,0,above_14_close_sma_ind,0.0
AdaBoost,0,above_21_close_sma_ind,0.0
AdaBoost,0,cum_days_above_above_7_close_sma_ind,0.0
AdaBoost,0,cum_days_above_above_14_close_sma_ind,0.11303524062237189
AdaBoost,0,cum_days_above_above_21_close_sma_ind,0.01693181934916343
AdaBoost,0,14_close_sma_std,0.061558373550660184
AdaBoost,0,14_close_sma_pct_diff_std,0.0
AdaBoost,0,14_close_std_std,0.042939798130109105
AdaBoost,0,21_close_sma_std,0.0
AdaBoost,0,21_close_sma_pct_diff_std,0.0
AdaBoost,0,21_close_std_std,0.01850803391637965
AdaBoost,0,7_close_sma_std,0.21301137312808346
AdaBoost,0,7_close_sma_pct_diff_std,0.0
AdaBoost,0,7_close_std_std,0.0
AdaBoost,0,bol_pct_from_bottom_std,0.0
AdaBoost,0,bol_pct_from_top_std,0.0
AdaBoost,0,bol_range_std,0.11609833073809686
AdaBoost,0,bol_range_pct_std,0.054715492186418614
AdaBoost,0,lower_bollinger_band_std,0.021866913232625736
AdaBoost,0,upper_bollinger_band_std,0.25825995758154086
AdaBoost,0,ind_AAPL,0.08307466756455013
AdaBoost,0,ind_XLE,0.0
AdaBoost,0,ind_XLF,0.0
AdaBoost,1,above_7_close_sma_ind,0.0
AdaBoost,1,above_14_close_sma_ind,0.0
AdaBoost,1,above_21_close_sma_ind,0.0
AdaBoost,1,cum_days_above_above_7_close_sma_ind,0.0
AdaBoost,1,cum_days_above_above_14_close_sma_ind,0.021010720450945444
AdaBoost,1,cum_days_above_above_21_close_sma_ind,0.10914491753901896
AdaBoost,1,14_close_sma_std,0.0
AdaBoost,1,14_close_sma_pct_diff_std,0.0
AdaBoost,1,14_close_std_std,0.03191221576243928
AdaBoost,1,21_close_sma_std,0.0
AdaBoost,1,21_close_sma_pct_diff_std,0.0
AdaBoost,1,21_close_std_std,0.07659109325291454
AdaBoost,1,7_close_sma_std,0.28037488270865096
AdaBoost,1,7_close_sma_pct_diff_std,0.0
AdaBoost,1,7_close_std_std,0.04883756433253095
AdaBoost,1,bol_pct_from_bottom_std,0.015427648179492298
AdaBoost,1,bol_pct_from_top_std,0.0
AdaBoost,1,bol_range_std,0.0
AdaBoost,1,bol_range_pct_std,0.07627798775902729
AdaBoost,1,lower_bollinger_band_std,0.0
AdaBoost,1,upper_bollinger_band_std,0.2872800127913089
AdaBoost,1,ind_AAPL,0.053142957223671405
AdaBoost,1,ind_XLE,0.0
AdaBoost,1,ind_XLF,0.0
AdaBoost,2,above_7_close_sma_ind,0.0
AdaBoost,2,above_14_close_sma_ind,0.0
AdaBoost,2,above_21_close_sma_ind,0.0
AdaBoost,2,cum_days_above_above_7_close_sma_ind,0.0
AdaBoost,2,cum_days_above_above_14_close_sma_ind,0.13955140353119147
AdaBoost,2,cum_days_above_above_21_close_sma_ind,0.0
AdaBoost,2,14_close_sma_std,0.0
AdaBoost,2,14_close_sma_pct_diff_std,0.0
AdaBoost,2,14_close_std_std,0.08754382378023777
AdaBoost,2,21_close_sma_std,0.0
AdaBoost,2,21_close_sma_pct_diff_std,0.022538065548788674
AdaBoost,2,21_close_std_std,0.06858451389674701
AdaBoost,2,7_close_sma_std,0.03577279352907573
AdaBoost,2,7_close_sma_pct_diff_std,0.0
AdaBoost,2,7_close_std_std,0.0
AdaBoost,2,bol_pct_from_bottom_std,0.0
AdaBoost,2,bol_pct_from_top_std,0.0
AdaBoost,2,bol_range_std,0.0
AdaBoost,2,bol_range_pct_std,0.2898628025329554
AdaBoost,2,lower_bollinger_band_std,0.22068645983648089
AdaBoost,2,upper_bollinger_band_std,0.06266850270936214
AdaBoost,2,ind_AAPL,0.0
AdaBoost,2,ind_XLE,0.07279163463516111
AdaBoost,2,ind_XLF,0.0
AdaBoost,3,above_7_close_sma_ind,0.0
AdaBoost,3,above_14_close_sma_ind,0.0
AdaBoost,3,above_21_close_sma_ind,0.0
AdaBoost,3,cum_days_above_above_7_close_sma_ind,0.0
AdaBoost,3,cum_days_above_above_14_close_sma_ind,0.30169383410539163
AdaBoost,3,cum_days_above_above_21_close_sma_ind,0.04797550039395357
AdaBoost,3,14_close_sma_std,0.0
AdaBoost,3,14_close_sma_pct_diff_std,0.0
AdaBoost,3,14_close_std_std,0.05245562180910272
AdaBoost,3,21_close_sma_std,0.0
AdaBoost,3,21_close_sma_pct_diff_std,0.0
AdaBoost,3,21_close_std_std,0.07052481327250407
AdaBoost,3,7_close_sma_std,0.052540826681926764
AdaBoost,3,7_close_sma_pct_diff_std,0.0
AdaBoost,3,7_close_std_std,0.024242339177095902
AdaBoost,3,bol_pct_from_bottom_std,0.0
AdaBoost,3,bol_pct_from_top_std,0.0
AdaBoost,3,bol_range_std,0.036839586713278534
AdaBoost,3,bol_range_pct_std,0.07730112067131065
AdaBoost,3,lower_bollinger_band_std,0.0
AdaBoost,3,upper_bollinger_band_std,0.25988158537381
AdaBoost,3,ind_AAPL,0.0
AdaBoost,3,ind_XLE,0.07654477180162614
AdaBoost,3,ind_XLF,0.0
AdaBoost,4,above_7_close_sma_ind,0.0
AdaBoost,4,above_14_close_sma_ind,0.0
AdaBoost,4,above_21_close_sma_ind,0.0
AdaBoost,4,cum_days_above_above_7_close_sma_ind,0.0
AdaBoost,4,cum_days_above_above_14_close_sma_ind,0.058049358073358474
AdaBoost,4,cum_days_above_above_21_close_sma_ind,0.13204467394010527
AdaBoost,4,14_close_sma_std,0.0
AdaBoost,4,14_close_sma_pct_diff_std,0.0
AdaBoost,4,14_close_std_std,0.0
AdaBoost,4,21_close_sma_std,0.0
AdaBoost,4,21_close_sma_pct_diff_std,0.030257348487074405
AdaBoost,4,21_close_std_std,0.11755005417530767
AdaBoost,4,7_close_sma_std,0.16147222177317097
AdaBoost,4,7_close_sma_pct_diff_std,0.0
AdaBoost,4,7_close_std_std,0.0
AdaBoost,4,bol_pct_from_bottom_std,0.03703105822671396
AdaBoost,4,bol_pct_from_top_std,0.0
AdaBoost,4,bol_range_std,0.016234527151102553
AdaBoost,4,bol_range_pct_std,0.13209886980611374
AdaBoost,4,lower_bollinger_band_std,0.0
AdaBoost,4,upper_bollinger_band_std,0.27468114956385936
AdaBoost,4,ind_AAPL,0.04058073880319355
AdaBoost,4,ind_XLE,0.0
AdaBoost,4,ind_XLF,0.0
CatBoost,0,above_7_close_sma_ind,0.18902754330103955
CatBoost,0,above_14_close_sma_ind,0.050490047410261266
CatBoost,0,above_21_close_sma_ind,0.3364414244219697
CatBoost,0,cum_days_above_above_7_close_sma_ind,1.207400979292261
CatBoost,0,cum_days_above_above_14_close_sma_ind,2.193682343380086
CatBoost,0,cum_days_above_above_21_close_sma_ind,4.319664244288449
CatBoost,0,14_close_sma_std,6.987971780086036
CatBoost,0,14_close_sma_pct_diff_std,1.9852159199073771
CatBoost,0,14_close_std_std,4.593145155931142
CatBoost,0,21_close_sma_std,6.514227710050332
CatBoost,0,21_close_sma_pct_diff_std,2.9938134001933916
CatBoost,0,21_close_std_std,4.9750883496741105
CatBoost,0,7_close_sma_std,6.539876087586982
CatBoost,0,7_close_sma_pct_diff_std,1.7024653646146564
CatBoost,0,7_close_std_std,5.495753035677124
CatBoost,0,bol_pct_from_bottom_std,3.97995244194968
CatBoost,0,bol_pct_from_top_std,4.781609996269995
CatBoost,0,bol_range_std,4.324911992080702
CatBoost,0,bol_range_pct_std,6.090987195012138
CatBoost,0,lower_bollinger_band_std,7.319611720959235
CatBoost,0,upper_bollinger_band_std,11.76566138907358
CatBoost,0,ind_AAPL,3.392223042240571
CatBoost,0,ind_XLE,5.91306981328904
CatBoost,0,ind_XLF,2.347709023309874
CatBoost,1,above_7_close_sma_ind,0.42830317125611495
CatBoost,1,above_14_close_sma_ind,0.06328120868700504
CatBoost,1,above_21_close_sma_ind,0.23747928453438913
CatBoost,1,cum_days_above_above_7_close_sma_ind,1.9207963285889786
CatBoost,1,cum_days_above_above_14_close_sma_ind,2.200943644114569
CatBoost,1,cum_days_above_above_21_close_sma_ind,4.58847124074733
CatBoost,1,14_close_sma_std,5.908646357519704
CatBoost,1,14_close_sma_pct_diff_std,1.2764404324842278
CatBoost,1,14_close_std_std,5.939919678897314
CatBoost,1,21_close_sma_std,4.079962353791111
CatBoost,1,21_close_sma_pct_diff_std,1.8351023990215354
CatBoost,1,21_close_std_std,4.007842192481872
CatBoost,1,7_close_sma_std,7.594967476317506
CatBoost,1,7_close_sma_pct_diff_std,2.9016041204992993
CatBoost,1,7_close_std_std,5.992937691686306
CatBoost,1,bol_pct_from_bottom_std,5.7079507771675475
CatBoost,1,bol_pct_from_top_std,3.966605441213047
CatBoost,1,bol_range_std,3.8574494697174866
CatBoost,1,bol_range_pct_std,6.2928618523038935
CatBoost,1,lower_bollinger_band_std,9.443357713244941
CatBoost,1,upper_bollinger_band_std,12.556058005678228
CatBoost,1,ind_AAPL,1.7968280434302402
CatBoost,1,ind_XLE,5.500761044651878
CatBoost,1,ind_XLF,1.9014300719654595
CatBoost,2,above_7_close_sma_ind,0.16434612139964277
CatBoost,2,above_14_close_sma_ind,0.21034700760207625
CatBoost,2,above_21_close_sma_ind,0.52879117782237
CatBoost,2,cum_days_above_above_7_close_sma_ind,0.9687113585198834
CatBoost,2,cum_days_above_above_14_close_sma_ind,2.4933459142367718
CatBoost,2,cum_days_above_above_21_close_sma_ind,4.787711299336255
CatBoost,2,14_close_sma_std,7.519972948350829
CatBoost,2,14_close_sma_pct_diff_std,2.290368667054318
CatBoost,2,14_close_std_std,5.101222606981744
CatBoost,2,21_close_sma_std,5.2783575279708295
CatBoost,2,21_close_sma_pct_diff_std,2.9557976928570246
CatBoost,2,21_close_std_std,3.9395251937127043
CatBoost,2,7_close_sma_std,7.522365089801305
CatBoost,2,7_close_sma_pct_diff_std,2.6425075769202286
CatBoost,2,7_close_std_std,4.858452248342716
CatBoost,2,bol_pct_from_bottom_std,4.350954563906639
CatBoost,2,bol_pct_from_top_std,4.4659272894661886
CatBoost,2,bol_range_std,5.229811706359212
CatBoost,2,bol_range_pct_std,7.507622889904877
CatBoost,2,lower_bollinger_band_std,5.902790116176595
CatBoost,2,upper_bollinger_band_std,10.750511167006124
CatBoost,2,ind_AAPL,2.3387556014841264
CatBoost,2,ind_XLE,6.255407926375949
CatBoost,2,ind_XLF,1.9363963084115945
CatBoost,3,above_7_close_sma_ind,0.30054403839465205
CatBoost,3,above_14_close_sma_ind,0.0
CatBoost,3,above_21_close_sma_ind,0.25056162496655554
CatBoost,3,cum_days_above_above_7_close_sma_ind,1.517481198048097
CatBoost,3,cum_days_above_above_14_close_sma_ind,3.2141387308051694
CatBoost,3,cum_days_above_above_21_close_sma_ind,3.2572107005983506
CatBoost,3,14_close_sma_std,6.312880862131902
CatBoost,3,14_close_sma_pct_diff_std,3.9517469962868295
CatBoost,3,14_close_std_std,6.537993593456403
CatBoost,3,21_close_sma_std,4.9085037480750815
CatBoost,3,21_close_sma_pct_diff_std,2.6683845665233075
CatBoost,3,21_close_std_std,4.833442007275863
CatBoost,3,7_close_sma_std,7.519903963038205
CatBoost,3,7_close_sma_pct_diff_std,2.747911447696265
CatBoost,3,7_close_std_std,5.5380597077248455
CatBoost,3,bol_pct_from_bottom_std,3.9154865910603447
CatBoost,3,bol_pct_from_top_std,3.8029007816540945
CatBoost,3,bol_range_std,5.470005692504649
CatBoost,3,bol_range_pct_std,4.9201708071885895
CatBoost,3,lower_bollinger_band_std,6.851831929829578
CatBoost,3,upper_bollinger_band_std,12.293926848444805
CatBoost,3,ind_AAPL,2.006004037661751
CatBoost,3,ind_XLE,5.856853828668022
CatBoost,3,ind_XLF,1.3240562979666206
CatBoost,4,above_7_close_sma_ind,0.7652779636293566
CatBoost,4,above_14_close_sma_ind,0.0
CatBoost,4,above_21_close_sma_ind,0.0
CatBoost,4,cum_days_above_above_7_close_sma_ind,1.7199146067078563
CatBoost,4,cum_days_above_above_14_close_sma_ind,3.2111490485274654
CatBoost,4,cum_days_above_above_21_close_sma_ind,5.191597675370123
CatBoost,4,14_close_sma_std,5.02815486355055
CatBoost,4,14_close_sma_pct_diff_std,2.0004049253774183
CatBoost,4,14_close_std_std,4.9093587372061585
CatBoost,4,21_close_sma_std,5.630863648769562
CatBoost,4,21_close_sma_pct_diff_std,2.9104246967827643
CatBoost,4,21_close_std_std,5.501189150162156
CatBoost,4,7_close_sma_std,6.092131143850951
CatBoost,4,7_close_sma_pct_diff_std,1.3725516481252822
CatBoost,4,7_close_std_std,4.491726751080819
CatBoost,4,bol_pct_from_bottom_std,4.667022460303397
CatBoost,4,bol_pct_from_top_std,3.578881013544369
CatBoost,4,bol_range_std,5.1349258104647895
CatBoost,4,bol_range_pct_std,5.394956962490384
CatBoost,4,lower_bollinger_band_std,8.35353610301125
CatBoost,4,upper_bollinger_band_std,13.533838105104884
CatBoost,4,ind_AAPL,3.496594100173579
CatBoost,4,ind_XLE,6.074792210845607
CatBoost,4,ind_XLF,0.9407083749212775
